{"camera_matrix": [[1132.854903687413, 0.0, 616.1840627984841], [0.0, 1128.532385522428, 370.8669446526699], [0.0, 0.0, 1.0]], "distortion": [[0.12981467836818436, -0.9746330630815834, 0.006321114458025428, -0.004498348935687362, 1.46869642473866]]}